{"dataframe_records": [{"eccentricity": 0.86224, "aspect_ratio": 2.0735, "elongation": 0.52269, "solidity": 0.98686, "stochastic_convexity": 0.99474, "isoperimetric_factor": 0.70529, "maximal_indentation_depth": 0.010097, "lobedness": 0.018554, "average_intensity": 0.041404, "average_contrast": 0.12163, "smoothness": 0.014579, "third_moment": 0.0048689, "uniformity": 0.00027608, "entropy": 0.9458}, {"eccentricity": 0.52382, "aspect_ratio": 1.1117, "elongation": 0.67175, "solidity": 0.54701, "stochastic_convexity": 0.62982, "isoperimetric_factor": 0.15157, "maximal_indentation_depth": 0.13674, "lobedness": 3.4028, "average_intensity": 0.026434, "average_contrast": 0.085792, "smoothness": 0.0073064, "third_moment": 0.0021373, "uniformity": 0.00016583, "entropy": 0.90513}, {"eccentricity": 0.82866, "aspect_ratio": 1.9848, "elongation": 0.50917, "solidity": 0.9418, "stochastic_convexity": 0.99825, "isoperimetric_factor": 0.55942, "maximal_indentation_depth": 0.025524, "lobedness": 0.11857, "average_intensity": 0.080103, "average_contrast": 0.16692, "smoothness": 0.027107, "third_moment": 0.0086548, "uniformity": 0.0004265, "entropy": 1.8038}, {"eccentricity": 0.70668, "aspect_ratio": 1.251, "elongation": 0.38111, "solidity": 0.94226, "stochastic_convexity": 0.99825, "isoperimetric_factor": 0.6925, "maximal_indentation_depth": 0.019432, "lobedness": 0.068724, "average_intensity": 0.031587, "average_contrast": 0.11502, "smoothness": 0.013056, "third_moment": 0.0053112, "uniformity": 8.6352e-05, "entropy": 0.72247}, {"eccentricity": 0.73935, "aspect_ratio": 1.5319, "elongation": 0.34987, "solidity": 0.98479, "stochastic_convexity": 1.0, "isoperimetric_factor": 0.81067, "maximal_indentation_depth": 0.0078079, "lobedness": 0.011095, "average_intensity": 0.027888, "average_contrast": 0.11472, "smoothness": 0.01299, "third_moment": 0.0060166, "uniformity": 5.0098e-05, "entropy": 0.59895}, {"eccentricity": 0.73797, "aspect_ratio": 1.4597, "elongation": 0.35376, "solidity": 0.97566, "stochastic_convexity": 1.0, "isoperimetric_factor": 0.81697, "maximal_indentation_depth": 0.0068768, "lobedness": 0.0086068, "average_intensity": 0.01595, "average_contrast": 0.065491, "smoothness": 0.0042707, "third_moment": 0.0011544, "uniformity": 6.6272e-05, "entropy": 0.58785}, {"eccentricity": 0.37522, "aspect_ratio": 1.1417, "elongation": 0.81725, "solidity": 0.68511, "stochastic_convexity": 0.58772, "isoperimetric_factor": 0.12523, "maximal_indentation_depth": 0.09186, "lobedness": 1.5358, "average_intensity": 0.11488, "average_contrast": 0.20861, "smoothness": 0.041703, "third_moment": 0.013344, "uniformity": 0.00082033, "entropy": 2.0281}, {"eccentricity": 0.72719, "aspect_ratio": 1.4779, "elongation": 0.3298, "solidity": 0.99388, "stochastic_convexity": 1.0, "isoperimetric_factor": 0.8423, "maximal_indentation_depth": 0.0029668, "lobedness": 0.0016019, "average_intensity": 0.02634, "average_contrast": 0.081903, "smoothness": 0.0066634, "third_moment": 0.0017846, "uniformity": 0.0001939, "entropy": 0.9805}, {"eccentricity": 0.65119, "aspect_ratio": 1.4026, "elongation": 0.30387, "solidity": 0.9799, "stochastic_convexity": 1.0, "isoperimetric_factor": 0.80081, "maximal_indentation_depth": 0.0082573, "lobedness": 0.012409, "average_intensity": 0.10567, "average_contrast": 0.185, "smoothness": 0.033093, "third_moment": 0.0087245, "uniformity": 0.0013911, "entropy": 1.9632}, {"eccentricity": 0.80393, "aspect_ratio": 1.8829, "elongation": 0.4698, "solidity": 0.93066, "stochastic_convexity": 0.99298, "isoperimetric_factor": 0.58011, "maximal_indentation_depth": 0.043787, "lobedness": 0.34894, "average_intensity": 0.010183, "average_contrast": 0.061975, "smoothness": 0.0038262, "third_moment": 0.0014329, "uniformity": 1.8914e-05, "entropy": 0.28509}, {"eccentricity": 0.46098, "aspect_ratio": 1.2199, "elongation": 0.32967, "solidity": 0.90459, "stochastic_convexity": 1.0, "isoperimetric_factor": 0.56329, "maximal_indentation_depth": 0.027061, "lobedness": 0.13328, "average_intensity": 0.092156, "average_contrast": 0.18249, "smoothness": 0.03223, "third_moment": 0.010076, "uniformity": 0.00090962, "entropy": 1.7156}, {"eccentricity": 0.98853, "aspect_ratio": 6.628, "elongation": 0.84928, "solidity": 0.96861, "stochastic_convexity": 0.97719, "isoperimetric_factor": 0.27717, "maximal_indentation_depth": 0.029032, "lobedness": 0.1534, "average_intensity": 0.032722, "average_contrast": 0.10283, "smoothness": 0.010462, "third_moment": 0.0033387, "uniformity": 0.00013116, "entropy": 0.94985}, {"eccentricity": 0.78676, "aspect_ratio": 1.6815, "elongation": 0.41383, "solidity": 0.97686, "stochastic_convexity": 0.99825, "isoperimetric_factor": 0.7686, "maximal_indentation_depth": 0.013524, "lobedness": 0.033289, "average_intensity": 0.016538, "average_contrast": 0.076334, "smoothness": 0.0057932, "third_moment": 0.0019786, "uniformity": 7.0661e-05, "entropy": 0.43227}, {"eccentricity": 0.99593, "aspect_ratio": 10.12, "elongation": 0.92461, "solidity": 0.80662, "stochastic_convexity": 0.90702, "isoperimetric_factor": 0.15053, "maximal_indentation_depth": 0.12257, "lobedness": 2.7342, "average_intensity": 0.0082902, "average_contrast": 0.052333, "smoothness": 0.0027313, "third_moment": 0.00090459, "uniformity": 1.5362e-05, "entropy": 0.27303}, {"eccentricity": 0.82602, "aspect_ratio": 1.6637, "elongation": 0.49244, "solidity": 0.8862, "stochastic_convexity": 0.99298, "isoperimetric_factor": 0.57136, "maximal_indentation_depth": 0.022152, "lobedness": 0.089306, "average_intensity": 0.034444, "average_contrast": 0.1012, "smoothness": 0.010138, "third_moment": 0.0030708, "uniformity": 0.00016513, "entropy": 1.1047}, {"eccentricity": 0.6368, "aspect_ratio": 1.4266, "elongation": 0.29976, "solidity": 0.9747, "stochastic_convexity": 0.99825, "isoperimetric_factor": 0.78457, "maximal_indentation_depth": 0.013385, "lobedness": 0.032608, "average_intensity": 0.028272, "average_contrast": 0.084495, "smoothness": 0.0070888, "third_moment": 0.0017155, "uniformity": 0.00031351, "entropy": 0.913}, {"eccentricity": 0.62011, "aspect_ratio": 1.3298, "elongation": 0.2836, "solidity": 0.96952, "stochastic_convexity": 0.99825, "isoperimetric_factor": 0.77871, "maximal_indentation_depth": 0.0086562, "lobedness": 0.013637, "average_intensity": 0.04722, "average_contrast": 0.1186, "smoothness": 0.013872, "third_moment": 0.0037549, "uniformity": 0.00044188, "entropy": 1.2024}, {"eccentricity": 0.99456, "aspect_ratio": 9.7351, "elongation": 0.90444, "solidity": 0.93346, "stochastic_convexity": 0.98421, "isoperimetric_factor": 0.19638, "maximal_indentation_depth": 0.020897, "lobedness": 0.079479, "average_intensity": 0.016599, "average_contrast": 0.075247, "smoothness": 0.0056302, "third_moment": 0.0019012, "uniformity": 4.441e-05, "entropy": 0.48992}, {"eccentricity": 0.89507, "aspect_ratio": 2.2045, "elongation": 0.55605, "solidity": 0.97701, "stochastic_convexity": 0.99649, "isoperimetric_factor": 0.64214, "maximal_indentation_depth": 0.0053433, "lobedness": 0.0051962, "average_intensity": 0.102, "average_contrast": 0.19598, "smoothness": 0.036988, "third_moment": 0.012562, "uniformity": 0.00048437, "entropy": 2.0484}, {"eccentricity": 0.53017, "aspect_ratio": 1.2503, "elongation": 0.23254, "solidity": 0.97337, "stochastic_convexity": 1.0, "isoperimetric_factor": 0.82703, "maximal_indentation_depth": 0.0066263, "lobedness": 0.0079913, "average_intensity": 0.048541, "average_contrast": 0.10941, "smoothness": 0.011828, "third_moment": 0.0027809, "uniformity": 0.00048839, "entropy": 1.5452}, {"eccentricity": 0.75535, "aspect_ratio": 1.6662, "elongation": 0.4065, "solidity": 0.97627, "stochastic_convexity": 1.0, "isoperimetric_factor": 0.75126, "maximal_indentation_depth": 0.0098445, "lobedness": 0.017638, "average_intensity": 0.020477, "average_contrast": 0.09052, "smoothness": 0.0081274, "third_moment": 0.0031335, "uniformity": 0.00012137, "entropy": 0.4391}, {"eccentricity": 0.90631, "aspect_ratio": 2.3906, "elongation": 0.58336, "solidity": 0.97683, "stochastic_convexity": 0.99825, "isoperimetric_factor": 0.66419, "maximal_indentation_depth": 0.0084019, "lobedness": 0.012848, "average_intensity": 0.0070096, "average_contrast": 0.042347, "smoothness": 0.0017901, "third_moment": 0.00045889, "uniformity": 2.8251e-05, "entropy": 0.28082}, {"eccentricity": 0.99518, "aspect_ratio": 10.421, "elongation": 0.90385, "solidity": 0.96551, "stochastic_convexity": 0.98947, "isoperimetric_factor": 0.20051, "maximal_indentation_depth": 0.0077228, "lobedness": 0.010855, "average_intensity": 0.021258, "average_contrast": 0.080385, "smoothness": 0.0064203, "third_moment": 0.0019168, "uniformity": 9.5565e-05, "entropy": 0.66405}, {"eccentricity": 0.9953, "aspect_ratio": 10.63, "elongation": 0.90598, "solidity": 0.88866, "stochastic_convexity": 0.95789, "isoperimetric_factor": 0.15967, "maximal_indentation_depth": 0.025636, "lobedness": 0.11961, "average_intensity": 0.014782, "average_contrast": 0.065416, "smoothness": 0.0042611, "third_moment": 0.0012831, "uniformity": 6.4365e-05, "entropy": 0.52178}, {"eccentricity": 0.98326, "aspect_ratio": 5.8308, "elongation": 0.82878, "solidity": 0.96489, "stochastic_convexity": 1.0, "isoperimetric_factor": 0.30777, "maximal_indentation_depth": 0.014672, "lobedness": 0.039178, "average_intensity": 0.019278, "average_contrast": 0.073118, "smoothness": 0.0053178, "third_moment": 0.0014657, "uniformity": 9.7882e-05, "entropy": 0.66403}]}